{"train_loss": [0.12270864610420254, 0.06466724881273837, 0.05147021306332978, 0.0508859341002985, 0.04030223805518061, 0.027724510729755705, 0.024709783961182778, 0.027322697057665477, 0.025077474796980713, 0.025188849845571168, 0.019929012676573377, 0.016547696226084246, 0.019288534476900557, 0.010170118554539555, 0.006388480394468215], "val_loss": [0.2203245908021927, 0.354331374168396, 0.6936162710189819, 0.05389895662665367, 0.4705255329608917, 0.3205186426639557, 0.033412232995033264, 0.16185630857944489, 0.025299785658717155, 0.040201976895332336, 0.18380878865718842, 0.7657800912857056, 0.08773286640644073, 0.04155268147587776, 0.2794068157672882], "train_auc": [0.986795217820115, 0.9964888985109811, 0.9977059007481177, 0.9977663274879122, 0.9983723268624762, 0.9994182482980924, 0.9995366000336774, 0.9992622741815208, 0.9994719395732601, 0.9994973418969955, 0.9996435977003199, 0.9997365471121696, 0.9997076808351976, 0.99992456279618, 0.9999742127925718], "val_auc": [0.984375, 1.0, 1.0, 1.0, 1.0, 1.0, 1.0, 1.0, 1.0, 1.0, 1.0, 1.0, 1.0, 1.0, 1.0]}